title,tags,description,tag_count,title_length
Cornish1 | Line_Art Calm Art Print | A1 Wall Art for Bedroom.Png | Gift Poster,gift for her; gift for him; housewarming gift; birthday gift art; anniversary gift; unique home gift; gift for mom; gift for dad; art print; wall art; print on demand; unframed print; poster,"Elevate your bedroom.png with this line_art calm print.

Created by WildShirePrints, this A1 wall art brings a touch of line_art beauty to your home. Printed on premium 200gsm matte paper for rich, lasting colour.

Perfect as a gift gift or to refresh your bedroom.png decor.

Available in multiple sizes. Free shipping to UK, US, EU, and Canada.",13,78
Cornish2 - Line_Art Calm Print | Bedroom.Png Decor | A1 Gift Wall Art,gift for her; gift for him; housewarming gift; birthday gift art; anniversary gift; unique home gift; gift for mom; gift for dad; art print; wall art; wall decoration; canvas alternative; modern home,"Bring calm vibes to your bedroom.png with this line_art print.

From the WildShirePrints collection. Printed to order on premium matte stock for deep, gallery-quality colour. Available in A1 (additional sizes in shop).

Ideal for gift. Free worldwide shipping to major markets.",13,69
Cornish3 - Line_Art Calm Print | Bedroom.Png Decor | A1 Gift Wall Art,gift for her; gift for him; housewarming gift; birthday gift art; anniversary gift; unique home gift; gift for mom; gift for dad; art print; wall art; interior design; print on demand; canvas alternative,"A line_art take on Cornish3 - designed to complement your bedroom.png.

Each print is produced on heavy 200gsm enhanced matte paper, ensuring vibrant detail and a premium feel. Framed and unframed options available.

Makes a thoughtful gift gift. Shipped free to UK, US, EU and Canada from our regional print facility.",13,69
Cornish4 - Line_Art Calm Print | Bedroom.Png Decor | A1 Gift Wall Art,gift for her; gift for him; housewarming gift; birthday gift art; anniversary gift; unique home gift; gift for mom; gift for dad; art print; wall art; decor print; instant download; art for home,"A line_art take on Cornish4 - designed to complement your bedroom.png.

Each print is produced on heavy 200gsm enhanced matte paper, ensuring vibrant detail and a premium feel. Framed and unframed options available.

Makes a thoughtful gift gift. Shipped free to UK, US, EU and Canada from our regional print facility.",13,69
